{"cameraMode":{"drawMode":0,"name":"Shaded","section":"Shading Mode"},"sceneLighting":false,"audioPlay":false,"sceneViewState":{"showFog":true,"showMaterialUpdate":false,"showSkybox":false,"showFlares":true,"showImageEffects":true,"showParticleSystems":true},"in2DMode":false,"pivot":{"x":3.1707210540771486,"y":4.7582221031188969,"z":-23.105520248413087},"rotation":{"x":-0.186916321516037,"y":-0.23614265024662019,"z":0.04652944579720497,"w":-0.9525392055511475},"size":13.678888320922852,"orthographic":true}