{"cameraMode":{"drawMode":0,"name":"Shaded","section":"Shading Mode"},"sceneLighting":false,"audioPlay":false,"sceneViewState":{"showFog":true,"showMaterialUpdate":false,"showSkybox":false,"showFlares":true,"showImageEffects":true,"showParticleSystems":true},"in2DMode":false,"pivot":{"x":2.5568790435791017,"y":4.658498764038086,"z":-1.9642095565795899},"rotation":{"x":0.16514867544174195,"y":-0.08272667229175568,"z":0.013991192914545536,"w":0.9827477335929871},"size":12.172913551330567,"orthographic":false}