{"cameraMode":{"drawMode":0,"name":"Shaded","section":"Shading Mode"},"sceneLighting":true,"audioPlay":false,"sceneViewState":{"showFog":true,"showMaterialUpdate":false,"showSkybox":true,"showFlares":true,"showImageEffects":true,"showParticleSystems":true},"in2DMode":false,"pivot":{"x":14.909000396728516,"y":1.0099999904632569,"z":12.041999816894532},"rotation":{"x":-0.5237092971801758,"y":0.47386136651039126,"z":-0.4634118676185608,"w":-0.5353968739509583},"size":10.349051475524903,"orthographic":true}