{"cameraMode":{"drawMode":0,"name":"Shaded","section":"Shading Mode"},"sceneLighting":true,"audioPlay":false,"sceneViewState":{"showFog":true,"showMaterialUpdate":false,"showSkybox":true,"showFlares":true,"showImageEffects":true,"showParticleSystems":true},"in2DMode":false,"pivot":{"x":1.3806142807006837,"y":36.517578125,"z":1.8900909423828126},"rotation":{"x":-0.7224957346916199,"y":-0.004124960396438837,"z":0.004427541512995958,"w":-0.6915037631988525},"size":13.25110912322998,"orthographic":true}