{"cameraMode":{"drawMode":0,"name":"Shaded","section":"Shading Mode"},"sceneLighting":false,"audioPlay":false,"sceneViewState":{"showFog":true,"showMaterialUpdate":false,"showSkybox":false,"showFlares":true,"showImageEffects":true,"showParticleSystems":true},"in2DMode":false,"pivot":{"x":5.314487934112549,"y":1.0,"z":-9.193241119384766},"rotation":{"x":-0.6741884350776672,"y":0.004472060594707727,"z":-0.003955132327973843,"w":-0.7386363744735718},"size":2.8524134159088136,"orthographic":false}