{"cameraMode":{"drawMode":0,"name":"Shaded","section":"Shading Mode"},"sceneLighting":true,"audioPlay":false,"sceneViewState":{"showFog":true,"showMaterialUpdate":false,"showSkybox":true,"showFlares":true,"showImageEffects":true,"showParticleSystems":true},"in2DMode":false,"pivot":{"x":3.466068744659424,"y":0.18597793579101563,"z":-0.3811342716217041},"rotation":{"x":-0.7439329624176025,"y":0.000011262472071393859,"z":0.00007953622116474435,"w":-0.6684200763702393},"size":16.920534133911134,"orthographic":true}